city,population,province,area_km2,density,founded,notable_fact,latitude,longitude,google_maps_url,map_definition
Abbotsford,121279,British Columbia,375.6,322.9,1995,"Known as the ""City in the Country"" and for its agriculture and annual Abbotsford International Airshow.",49.0504,-122.3045,"https://www.google.com/maps?q=49.0504,-122.3045","<iframe width=""600"" height=""450"" style=""border:0"" loading=""lazy"" allowfullscreen src=""https://www.google.com/maps/embed/v1/place?q=49.0504,-122.3045&key=YOUR_API_KEY""></iframe>"
Ajax,104668,Ontario,67.1,1560.0,1941,"Named after HMS Ajax, a Royal Navy cruiser. Developed around a shell manufacturing plant during WWII.",43.8509,-79.0368,"https://www.google.com/maps?q=43.8509,-79.0368","<iframe width=""600"" height=""450"" style=""border:0"" loading=""lazy"" allowfullscreen src=""https://www.google.com/maps/embed/v1/place?q=43.8509,-79.0368&key=YOUR_API_KEY""></iframe>"
Aurora,51000,Ontario,49.9,1022.0,1863,Located north of Toronto. Known for its preserved historic downtown.,44.0061,-79.4668,"https://www.google.com/maps?q=44.0061,-79.4668","<iframe width=""600"" height=""450"" style=""border:0"" loading=""lazy"" allowfullscreen src=""https://www.google.com/maps/embed/v1/place?q=44.0061,-79.4668&key=YOUR_API_KEY""></iframe>"
Barrie,153356,Ontario,99.0,1549.1,1837,Located on Kempenfelt Bay on Lake Simcoe. Popular recreational destination.,44.3894,-79.6903,"https://www.google.com/maps?q=44.3894,-79.6903","<iframe width=""600"" height=""450"" style=""border:0"" loading=""lazy"" allowfullscreen src=""https://www.google.com/maps/embed/v1/place?q=44.3894,-79.6903&key=YOUR_API_KEY""></iframe>"
Belleville,46000,Ontario,247.2,186.1,1850,Located on the Bay of Quinte. Gateway to Prince Edward County wine region.,44.1628,-77.3832,"https://www.google.com/maps?q=44.1628,-77.3832","<iframe width=""600"" height=""450"" style=""border:0"" loading=""lazy"" allowfullscreen src=""https://www.google.com/maps/embed/v1/place?q=44.1628,-77.3832&key=YOUR_API_KEY""></iframe>"
Blainville,51615,Quebec,55.1,936.8,1968,Located north of Montreal. One of Quebec's fastest-growing municipalities.,45.6692,-73.8729,"https://www.google.com/maps?q=45.6692,-73.8729","<iframe width=""600"" height=""450"" style=""border:0"" loading=""lazy"" allowfullscreen src=""https://www.google.com/maps/embed/v1/place?q=45.6692,-73.8729&key=YOUR_API_KEY""></iframe>"
Boisbriand,31000,Quebec,27.8,1115.1,1946,Located north of Montreal. Former site of a GM automobile assembly plant.,45.6167,-73.8333,"https://www.google.com/maps?q=45.6167,-73.8333","<iframe width=""600"" height=""450"" style=""border:0"" loading=""lazy"" allowfullscreen src=""https://www.google.com/maps/embed/v1/place?q=45.6167,-73.8333&key=YOUR_API_KEY""></iframe>"
Boucherville,33796,Quebec,70.8,477.3,1667,One of the oldest municipalities in Quebec. Known for its historic old village.,45.5917,-73.45,"https://www.google.com/maps?q=45.5917,-73.45","<iframe width=""600"" height=""450"" style=""border:0"" loading=""lazy"" allowfullscreen src=""https://www.google.com/maps/embed/v1/place?q=45.5917,-73.45&key=YOUR_API_KEY""></iframe>"
Brampton,433806,Ontario,266.7,1626.6,1853,One of Canada's fastest-growing cities with a large South Asian population.,43.7315,-79.7624,"https://www.google.com/maps?q=43.7315,-79.7624","<iframe width=""600"" height=""450"" style=""border:0"" loading=""lazy"" allowfullscreen src=""https://www.google.com/maps/embed/v1/place?q=43.7315,-79.7624&key=YOUR_API_KEY""></iframe>"
Brandon,38000,Manitoba,77.4,491.0,1882,"Second-largest city in Manitoba. Known as the ""Wheat City"".",49.8483,-99.95,"https://www.google.com/maps?q=49.8483,-99.95","<iframe width=""600"" height=""450"" style=""border:0"" loading=""lazy"" allowfullscreen src=""https://www.google.com/maps/embed/v1/place?q=49.8483,-99.95&key=YOUR_API_KEY""></iframe>"
Brantford,79566,Ontario,72.5,1097.5,1877,"Known as the ""Telephone City"" as the home of Alexander Graham Bell when he invented the telephone.",43.1394,-80.2644,"https://www.google.com/maps?q=43.1394,-80.2644","<iframe width=""600"" height=""450"" style=""border:0"" loading=""lazy"" allowfullscreen src=""https://www.google.com/maps/embed/v1/place?q=43.1394,-80.2644&key=YOUR_API_KEY""></iframe>"
Brossard,69575,Quebec,45.2,1539.3,1958,Located on Montreal's South Shore. Known for its multicultural population.,45.45,-73.45,"https://www.google.com/maps?q=45.45,-73.45","<iframe width=""600"" height=""450"" style=""border:0"" loading=""lazy"" allowfullscreen src=""https://www.google.com/maps/embed/v1/place?q=45.45,-73.45&key=YOUR_API_KEY""></iframe>"
Burlington,157479,Ontario,185.7,848.0,1873,Located at the western end of Lake Ontario. Known for the Royal Botanical Gardens.,43.3255,-79.799,"https://www.google.com/maps?q=43.3255,-79.799","<iframe width=""600"" height=""450"" style=""border:0"" loading=""lazy"" allowfullscreen src=""https://www.google.com/maps/embed/v1/place?q=43.3255,-79.799&key=YOUR_API_KEY""></iframe>"
Burnaby,202799,British Columbia,98.6,2057.8,1892,"Home to Simon Fraser University and Metropolis at Metrotown, BC's largest shopping mall.",49.2488,-122.9805,"https://www.google.com/maps?q=49.2488,-122.9805","<iframe width=""600"" height=""450"" style=""border:0"" loading=""lazy"" allowfullscreen src=""https://www.google.com/maps/embed/v1/place?q=49.2488,-122.9805&key=YOUR_API_KEY""></iframe>"
Caledon,57050,Ontario,688.2,82.9,1974,Located in the Greater Toronto Area. Known for its scenic hills and conservation areas.,43.8666,-79.8666,"https://www.google.com/maps?q=43.8666,-79.8666","<iframe width=""600"" height=""450"" style=""border:0"" loading=""lazy"" allowfullscreen src=""https://www.google.com/maps/embed/v1/place?q=43.8666,-79.8666&key=YOUR_API_KEY""></iframe>"
Calgary,1019942,Alberta,825.3,1235.8,1875,Known for the Calgary Stampede and its proximity to the Rocky Mountains.,51.0447,-114.0719,"https://www.google.com/maps?q=51.0447,-114.0719","<iframe width=""600"" height=""450"" style=""border:0"" loading=""lazy"" allowfullscreen src=""https://www.google.com/maps/embed/v1/place?q=51.0447,-114.0719&key=YOUR_API_KEY""></iframe>"
Cambridge,109140,Ontario,113.0,965.8,1973,"Formed by the amalgamation of Galt, Preston, and Hespeler. Known for its historic architecture.",43.3616,-80.3144,"https://www.google.com/maps?q=43.3616,-80.3144","<iframe width=""600"" height=""450"" style=""border:0"" loading=""lazy"" allowfullscreen src=""https://www.google.com/maps/embed/v1/place?q=43.3616,-80.3144&key=YOUR_API_KEY""></iframe>"
Cape Breton,78900,Nova Scotia,2433.4,32.4,1995,Regional municipality on Cape Breton Island. Known for its scenic Cabot Trail.,46.1389,-60.1931,"https://www.google.com/maps?q=46.1389,-60.1931","<iframe width=""600"" height=""450"" style=""border:0"" loading=""lazy"" allowfullscreen src=""https://www.google.com/maps/embed/v1/place?q=46.1389,-60.1931&key=YOUR_API_KEY""></iframe>"
Charlottetown,40500,Prince Edward Island,44.3,914.2,1764,"Capital of Prince Edward Island. Known as the ""Birthplace of Confederation"".",46.2382,-63.1311,"https://www.google.com/maps?q=46.2382,-63.1311","<iframe width=""600"" height=""450"" style=""border:0"" loading=""lazy"" allowfullscreen src=""https://www.google.com/maps/embed/v1/place?q=46.2382,-63.1311&key=YOUR_API_KEY""></iframe>"
Chatham-Kent,85284,Ontario,2458.1,34.7,1998,Formed by the amalgamation of 23 separate communities. Known for its agricultural industry.,42.4048,-82.191,"https://www.google.com/maps?q=42.4048,-82.191","<iframe width=""600"" height=""450"" style=""border:0"" loading=""lazy"" allowfullscreen src=""https://www.google.com/maps/embed/v1/place?q=42.4048,-82.191&key=YOUR_API_KEY""></iframe>"
Chilliwack,68000,British Columbia,261.7,259.8,1873,Agricultural community in the Fraser Valley. Name derived from the Ts'elxwéyeqw First Nation.,49.1579,-121.9514,"https://www.google.com/maps?q=49.1579,-121.9514","<iframe width=""600"" height=""450"" style=""border:0"" loading=""lazy"" allowfullscreen src=""https://www.google.com/maps/embed/v1/place?q=49.1579,-121.9514&key=YOUR_API_KEY""></iframe>"
Châteauguay,45904,Quebec,35.3,1300.4,1855,Located southwest of Montreal. Site of the Battle of Châteauguay during the War of 1812.,45.3833,-73.75,"https://www.google.com/maps?q=45.3833,-73.75","<iframe width=""600"" height=""450"" style=""border:0"" loading=""lazy"" allowfullscreen src=""https://www.google.com/maps/embed/v1/place?q=45.3833,-73.75&key=YOUR_API_KEY""></iframe>"
Clarington,73993,Ontario,611.4,121.0,1973,Easternmost municipality in the Greater Toronto Area. Home to the Darlington Nuclear Generating Station.,43.9343,-78.6169,"https://www.google.com/maps?q=43.9343,-78.6169","<iframe width=""600"" height=""450"" style=""border:0"" loading=""lazy"" allowfullscreen src=""https://www.google.com/maps/embed/v1/place?q=43.9343,-78.6169&key=YOUR_API_KEY""></iframe>"
Coquitlam,114565,British Columbia,122.3,936.8,1891,Part of Metro Vancouver. Name derived from the indigenous Kwikwetlem First Nation.,49.2838,-122.7932,"https://www.google.com/maps?q=49.2838,-122.7932","<iframe width=""600"" height=""450"" style=""border:0"" loading=""lazy"" allowfullscreen src=""https://www.google.com/maps/embed/v1/place?q=49.2838,-122.7932&key=YOUR_API_KEY""></iframe>"
Cornwall,37500,Ontario,61.5,609.8,1834,Located along the St. Lawrence River. Former textile manufacturing center.,45.0213,-74.7303,"https://www.google.com/maps?q=45.0213,-74.7303","<iframe width=""600"" height=""450"" style=""border:0"" loading=""lazy"" allowfullscreen src=""https://www.google.com/maps/embed/v1/place?q=45.0213,-74.7303&key=YOUR_API_KEY""></iframe>"
Delta,91167,British Columbia,180.2,505.9,1879,Located south of Vancouver at the mouth of the Fraser River. Known for its agricultural lands.,49.0847,-123.0586,"https://www.google.com/maps?q=49.0847,-123.0586","<iframe width=""600"" height=""450"" style=""border:0"" loading=""lazy"" allowfullscreen src=""https://www.google.com/maps/embed/v1/place?q=49.0847,-123.0586&key=YOUR_API_KEY""></iframe>"
Drummondville,63423,Quebec,247.1,256.7,1815,Located on the Saint-François River. Known for its annual Festival mondial de folklore.,45.8833,-72.4833,"https://www.google.com/maps?q=45.8833,-72.4833","<iframe width=""600"" height=""450"" style=""border:0"" loading=""lazy"" allowfullscreen src=""https://www.google.com/maps/embed/v1/place?q=45.8833,-72.4833&key=YOUR_API_KEY""></iframe>"
Edmonton,712391,Alberta,684.4,1040.9,1795,"Capital of Alberta. Known for West Edmonton Mall, once the largest mall in the world.",53.5461,-113.4938,"https://www.google.com/maps?q=53.5461,-113.4938","<iframe width=""600"" height=""450"" style=""border:0"" loading=""lazy"" allowfullscreen src=""https://www.google.com/maps/embed/v1/place?q=53.5461,-113.4938&key=YOUR_API_KEY""></iframe>"
Fredericton,52293,New Brunswick,132.6,394.4,1785,Capital of New Brunswick. Known for its cultural institutions and historic buildings.,45.9636,-66.6431,"https://www.google.com/maps?q=45.9636,-66.6431","<iframe width=""600"" height=""450"" style=""border:0"" loading=""lazy"" allowfullscreen src=""https://www.google.com/maps/embed/v1/place?q=45.9636,-66.6431&key=YOUR_API_KEY""></iframe>"
Gatineau,235019,Quebec,342.8,685.6,1800,Forms the National Capital Region with Ottawa. Home to the Canadian Museum of History.,45.4765,-75.7013,"https://www.google.com/maps?q=45.4765,-75.7013","<iframe width=""600"" height=""450"" style=""border:0"" loading=""lazy"" allowfullscreen src=""https://www.google.com/maps/embed/v1/place?q=45.4765,-75.7013&key=YOUR_API_KEY""></iframe>"
Granby,55883,Quebec,156.1,358.0,1859,Located east of Montreal. Known for its zoo and annual hot air balloon festival.,45.4,-72.7333,"https://www.google.com/maps?q=45.4,-72.7333","<iframe width=""600"" height=""450"" style=""border:0"" loading=""lazy"" allowfullscreen src=""https://www.google.com/maps/embed/v1/place?q=45.4,-72.7333&key=YOUR_API_KEY""></iframe>"
Grande Prairie,52320,Alberta,132.7,394.3,1919,Hub of the Peace River Country. Center for oil and gas exploration in northwestern Alberta.,55.17,-118.7967,"https://www.google.com/maps?q=55.17,-118.7967","<iframe width=""600"" height=""450"" style=""border:0"" loading=""lazy"" allowfullscreen src=""https://www.google.com/maps/embed/v1/place?q=55.17,-118.7967&key=YOUR_API_KEY""></iframe>"
Guelph,114943,Ontario,87.2,1318.2,1827,Known for its limestone architecture and the University of Guelph.,43.5448,-80.2482,"https://www.google.com/maps?q=43.5448,-80.2482","<iframe width=""600"" height=""450"" style=""border:0"" loading=""lazy"" allowfullscreen src=""https://www.google.com/maps/embed/v1/place?q=43.5448,-80.2482&key=YOUR_API_KEY""></iframe>"
Haldimand County,45000,Ontario,1251.6,36.0,2001,Rural municipality along the Grand River and Lake Erie shore. Known for its agricultural lands.,42.8568,-79.9662,"https://www.google.com/maps?q=42.8568,-79.9662","<iframe width=""600"" height=""450"" style=""border:0"" loading=""lazy"" allowfullscreen src=""https://www.google.com/maps/embed/v1/place?q=42.8568,-79.9662&key=YOUR_API_KEY""></iframe>"
Halifax,359111,Nova Scotia,5490.2,65.4,1749,Capital of Nova Scotia and major economic center for Atlantic Canada.,44.6488,-63.5752,"https://www.google.com/maps?q=44.6488,-63.5752","<iframe width=""600"" height=""450"" style=""border:0"" loading=""lazy"" allowfullscreen src=""https://www.google.com/maps/embed/v1/place?q=44.6488,-63.5752&key=YOUR_API_KEY""></iframe>"
Hamilton,519949,Ontario,1138.1,456.9,1816,"Major industrial center often called ""Steel City"" for its steel manufacturing history.",43.2557,-79.8711,"https://www.google.com/maps?q=43.2557,-79.8711","<iframe width=""600"" height=""450"" style=""border:0"" loading=""lazy"" allowfullscreen src=""https://www.google.com/maps/embed/v1/place?q=43.2557,-79.8711&key=YOUR_API_KEY""></iframe>"
Iqaluit,7740,Nunavut,52.5,147.4,1942,"Capital of Nunavut. Name means ""place of many fish"" in Inuktitut.",63.7467,-68.517,"https://www.google.com/maps?q=63.7467,-68.517","<iframe width=""600"" height=""450"" style=""border:0"" loading=""lazy"" allowfullscreen src=""https://www.google.com/maps/embed/v1/place?q=63.7467,-68.517&key=YOUR_API_KEY""></iframe>"
Kamloops,72705,British Columbia,299.3,242.9,1893,"Located at the confluence of the North and South Thompson Rivers. Name means ""meeting of the waters"".",50.6745,-120.3273,"https://www.google.com/maps?q=50.6745,-120.3273","<iframe width=""600"" height=""450"" style=""border:0"" loading=""lazy"" allowfullscreen src=""https://www.google.com/maps/embed/v1/place?q=50.6745,-120.3273&key=YOUR_API_KEY""></iframe>"
Kawartha Lakes,65834,Ontario,3084.4,21.3,2001,City formed by the amalgamation of Victoria County. Known for its many lakes and rivers.,44.35,-78.75,"https://www.google.com/maps?q=44.35,-78.75","<iframe width=""600"" height=""450"" style=""border:0"" loading=""lazy"" allowfullscreen src=""https://www.google.com/maps/embed/v1/place?q=44.35,-78.75&key=YOUR_API_KEY""></iframe>"
Kelowna,127380,British Columbia,211.8,601.4,1905,Located in the Okanagan Valley. Known for its wineries and fruit orchards.,49.888,-119.496,"https://www.google.com/maps?q=49.888,-119.496","<iframe width=""600"" height=""450"" style=""border:0"" loading=""lazy"" allowfullscreen src=""https://www.google.com/maps/embed/v1/place?q=49.888,-119.496&key=YOUR_API_KEY""></iframe>"
Kitchener,204608,Ontario,136.9,1494.6,1833,Part of the Tri-Cities area with Cambridge and Waterloo. Known for its annual Oktoberfest.,43.4516,-80.4925,"https://www.google.com/maps?q=43.4516,-80.4925","<iframe width=""600"" height=""450"" style=""border:0"" loading=""lazy"" allowfullscreen src=""https://www.google.com/maps/embed/v1/place?q=43.4516,-80.4925&key=YOUR_API_KEY""></iframe>"
Langley,104177,British Columbia,308.0,338.2,1873,"Known as the ""Birthplace of BC"" and for its agricultural lands and wineries.",49.1041,-122.6607,"https://www.google.com/maps?q=49.1041,-122.6607","<iframe width=""600"" height=""450"" style=""border:0"" loading=""lazy"" allowfullscreen src=""https://www.google.com/maps/embed/v1/place?q=49.1041,-122.6607&key=YOUR_API_KEY""></iframe>"
Laval,376845,Quebec,247.2,1524.5,1965,Located on Île Jésus north of Montreal. Quebec's third-largest city.,45.6066,-73.7124,"https://www.google.com/maps?q=45.6066,-73.7124","<iframe width=""600"" height=""450"" style=""border:0"" loading=""lazy"" allowfullscreen src=""https://www.google.com/maps/embed/v1/place?q=45.6066,-73.7124&key=YOUR_API_KEY""></iframe>"
Lethbridge,74637,Alberta,122.4,609.8,1906,Third-largest city in Alberta. Known for its coulees and high-level bridge.,49.6956,-112.8451,"https://www.google.com/maps?q=49.6956,-112.8451","<iframe width=""600"" height=""450"" style=""border:0"" loading=""lazy"" allowfullscreen src=""https://www.google.com/maps/embed/v1/place?q=49.6956,-112.8451&key=YOUR_API_KEY""></iframe>"
London,346765,Ontario,420.6,824.5,1826,"Known as the ""Forest City"" and home to Western University.",42.9849,-81.2453,"https://www.google.com/maps?q=42.9849,-81.2453","<iframe width=""600"" height=""450"" style=""border:0"" loading=""lazy"" allowfullscreen src=""https://www.google.com/maps/embed/v1/place?q=42.9849,-81.2453&key=YOUR_API_KEY""></iframe>"
Longueuil,215579,Quebec,115.6,1864.9,1657,Located on the south shore of the St. Lawrence River opposite Montreal.,45.5333,-73.5167,"https://www.google.com/maps?q=45.5333,-73.5167","<iframe width=""600"" height=""450"" style=""border:0"" loading=""lazy"" allowfullscreen src=""https://www.google.com/maps/embed/v1/place?q=45.5333,-73.5167&key=YOUR_API_KEY""></iframe>"
Lévis,132275,Quebec,449.3,294.4,1861,Located opposite Quebec City on the south shore of the St. Lawrence River.,46.8032,-71.178,"https://www.google.com/maps?q=46.8032,-71.178","<iframe width=""600"" height=""450"" style=""border:0"" loading=""lazy"" allowfullscreen src=""https://www.google.com/maps/embed/v1/place?q=46.8032,-71.178&key=YOUR_API_KEY""></iframe>"
Maple Ridge,67646,British Columbia,266.8,253.5,1874,Located in the northeastern section of Greater Vancouver. Known for its natural scenery.,49.2193,-122.5984,"https://www.google.com/maps?q=49.2193,-122.5984","<iframe width=""600"" height=""450"" style=""border:0"" loading=""lazy"" allowfullscreen src=""https://www.google.com/maps/embed/v1/place?q=49.2193,-122.5984&key=YOUR_API_KEY""></iframe>"
Markham,261573,Ontario,212.4,1231.5,1794,Known as Canada's high-tech capital with many international company headquarters.,43.8561,-79.337,"https://www.google.com/maps?q=43.8561,-79.337","<iframe width=""600"" height=""450"" style=""border:0"" loading=""lazy"" allowfullscreen src=""https://www.google.com/maps/embed/v1/place?q=43.8561,-79.337&key=YOUR_API_KEY""></iframe>"
Mascouche,40000,Quebec,107.0,373.8,1845,Located north of Montreal. Rapidly growing suburban community.,45.75,-73.6,"https://www.google.com/maps?q=45.75,-73.6","<iframe width=""600"" height=""450"" style=""border:0"" loading=""lazy"" allowfullscreen src=""https://www.google.com/maps/embed/v1/place?q=45.75,-73.6&key=YOUR_API_KEY""></iframe>"
Medicine Hat,52564,Alberta,112.0,469.3,1883,"Known as ""The Gas City"" due to its large natural gas fields. Has one of the lowest utility rates in Canada.",50.0417,-110.6775,"https://www.google.com/maps?q=50.0417,-110.6775","<iframe width=""600"" height=""450"" style=""border:0"" loading=""lazy"" allowfullscreen src=""https://www.google.com/maps/embed/v1/place?q=50.0417,-110.6775&key=YOUR_API_KEY""></iframe>"
Milton,98000,Ontario,363.2,269.8,1857,One of the fastest-growing municipalities in Canada. Located at the edge of the Niagara Escarpment.,43.5183,-79.8774,"https://www.google.com/maps?q=43.5183,-79.8774","<iframe width=""600"" height=""450"" style=""border:0"" loading=""lazy"" allowfullscreen src=""https://www.google.com/maps/embed/v1/place?q=43.5183,-79.8774&key=YOUR_API_KEY""></iframe>"
Mirabel,42000,Quebec,485.0,86.6,1971,Created to accommodate Montreal's international airport. Now primarily agricultural.,45.65,-74.0833,"https://www.google.com/maps?q=45.65,-74.0833","<iframe width=""600"" height=""450"" style=""border:0"" loading=""lazy"" allowfullscreen src=""https://www.google.com/maps/embed/v1/place?q=45.65,-74.0833&key=YOUR_API_KEY""></iframe>"
Mission,34000,British Columbia,227.7,149.3,1892,Located in the Fraser Valley. Known for its forestry heritage and Stave Lake.,49.1337,-122.3112,"https://www.google.com/maps?q=49.1337,-122.3112","<iframe width=""600"" height=""450"" style=""border:0"" loading=""lazy"" allowfullscreen src=""https://www.google.com/maps/embed/v1/place?q=49.1337,-122.3112&key=YOUR_API_KEY""></iframe>"
Mississauga,668549,Ontario,292.4,2286.8,1805,Located in the Greater Toronto Area. Home to Toronto Pearson International Airport.,43.589,-79.6441,"https://www.google.com/maps?q=43.589,-79.6441","<iframe width=""600"" height=""450"" style=""border:0"" loading=""lazy"" allowfullscreen src=""https://www.google.com/maps/embed/v1/place?q=43.589,-79.6441&key=YOUR_API_KEY""></iframe>"
Moncton,58608,New Brunswick,141.9,413.0,1855,"Largest city in New Brunswick. Known as the ""Hub of the Maritimes"".",46.0878,-64.7782,"https://www.google.com/maps?q=46.0878,-64.7782","<iframe width=""600"" height=""450"" style=""border:0"" loading=""lazy"" allowfullscreen src=""https://www.google.com/maps/embed/v1/place?q=46.0878,-64.7782&key=YOUR_API_KEY""></iframe>"
Montreal,1600000,Quebec,431.5,3708.0,1642,Second-largest city in Canada and largest in Quebec. Known for its cultural diversity and festivals.,45.5017,-73.5673,"https://www.google.com/maps?q=45.5017,-73.5673","<iframe width=""600"" height=""450"" style=""border:0"" loading=""lazy"" allowfullscreen src=""https://www.google.com/maps/embed/v1/place?q=45.5017,-73.5673&key=YOUR_API_KEY""></iframe>"
Nanaimo,73000,British Columbia,91.3,799.6,1874,"Known as the ""Harbour City"" and for the sweet Nanaimo bar dessert.",49.1659,-123.9401,"https://www.google.com/maps?q=49.1659,-123.9401","<iframe width=""600"" height=""450"" style=""border:0"" loading=""lazy"" allowfullscreen src=""https://www.google.com/maps/embed/v1/place?q=49.1659,-123.9401&key=YOUR_API_KEY""></iframe>"
New Westminster,58220,British Columbia,15.6,3732.1,1858,"Former capital of British Columbia. Known as the ""Royal City"".",49.2057,-122.911,"https://www.google.com/maps?q=49.2057,-122.911","<iframe width=""600"" height=""450"" style=""border:0"" loading=""lazy"" allowfullscreen src=""https://www.google.com/maps/embed/v1/place?q=49.2057,-122.911&key=YOUR_API_KEY""></iframe>"
Newmarket,68549,Ontario,38.4,1785.1,1801,Located north of Toronto. Known for its historic downtown.,44.05,-79.4667,"https://www.google.com/maps?q=44.05,-79.4667","<iframe width=""600"" height=""450"" style=""border:0"" loading=""lazy"" allowfullscreen src=""https://www.google.com/maps/embed/v1/place?q=44.05,-79.4667&key=YOUR_API_KEY""></iframe>"
Niagara Falls,72409,Ontario,209.7,345.3,1903,Famous for the Niagara Falls waterfalls. Major tourist destination.,43.0896,-79.0849,"https://www.google.com/maps?q=43.0896,-79.0849","<iframe width=""600"" height=""450"" style=""border:0"" loading=""lazy"" allowfullscreen src=""https://www.google.com/maps/embed/v1/place?q=43.0896,-79.0849&key=YOUR_API_KEY""></iframe>"
Norfolk County,54044,Ontario,1607.6,33.6,2001,"Known as Ontario's Garden. Major agricultural producer, especially of tobacco.",42.85,-80.2667,"https://www.google.com/maps?q=42.85,-80.2667","<iframe width=""600"" height=""450"" style=""border:0"" loading=""lazy"" allowfullscreen src=""https://www.google.com/maps/embed/v1/place?q=42.85,-80.2667&key=YOUR_API_KEY""></iframe>"
North Vancouver,50000,British Columbia,160.8,310.9,1891,Located at the foot of the North Shore Mountains. Gateway to popular ski resorts.,49.32,-123.0724,"https://www.google.com/maps?q=49.32,-123.0724","<iframe width=""600"" height=""450"" style=""border:0"" loading=""lazy"" allowfullscreen src=""https://www.google.com/maps/embed/v1/place?q=49.32,-123.0724&key=YOUR_API_KEY""></iframe>"
North York,636000,Ontario,176.6,3601.4,1922,Former city now part of Toronto. Home to the Ontario Science Centre.,43.7615,-79.4111,"https://www.google.com/maps?q=43.7615,-79.4111","<iframe width=""600"" height=""450"" style=""border:0"" loading=""lazy"" allowfullscreen src=""https://www.google.com/maps/embed/v1/place?q=43.7615,-79.4111&key=YOUR_API_KEY""></iframe>"
Oakville,159123,Ontario,138.9,1145.6,1827,"Affluent lakeside town known for its harbors, parks, and upscale shopping districts.",43.4675,-79.6877,"https://www.google.com/maps?q=43.4675,-79.6877","<iframe width=""600"" height=""450"" style=""border:0"" loading=""lazy"" allowfullscreen src=""https://www.google.com/maps/embed/v1/place?q=43.4675,-79.6877&key=YOUR_API_KEY""></iframe>"
Oshawa,151032,Ontario,145.7,1036.6,1850,"Known as the ""Automotive Capital of Canada"" due to GM manufacturing presence.",43.8971,-78.8658,"https://www.google.com/maps?q=43.8971,-78.8658","<iframe width=""600"" height=""450"" style=""border:0"" loading=""lazy"" allowfullscreen src=""https://www.google.com/maps/embed/v1/place?q=43.8971,-78.8658&key=YOUR_API_KEY""></iframe>"
Ottawa,812129,Ontario,2790.3,291.1,1826,Capital city of Canada. Home to Parliament Hill and numerous national museums.,45.4215,-75.6972,"https://www.google.com/maps?q=45.4215,-75.6972","<iframe width=""600"" height=""450"" style=""border:0"" loading=""lazy"" allowfullscreen src=""https://www.google.com/maps/embed/v1/place?q=45.4215,-75.6972&key=YOUR_API_KEY""></iframe>"
Peterborough,67606,Ontario,64.3,1051.4,1825,"Known as the gateway to the Kawarthas, a popular cottage country destination.",44.3048,-78.32,"https://www.google.com/maps?q=44.3048,-78.32","<iframe width=""600"" height=""450"" style=""border:0"" loading=""lazy"" allowfullscreen src=""https://www.google.com/maps/embed/v1/place?q=44.3048,-78.32&key=YOUR_API_KEY""></iframe>"
Pickering,73698,Ontario,231.6,318.2,1811,Located east of Toronto. Home to the Pickering Nuclear Generating Station.,43.8354,-79.089,"https://www.google.com/maps?q=43.8354,-79.089","<iframe width=""600"" height=""450"" style=""border:0"" loading=""lazy"" allowfullscreen src=""https://www.google.com/maps/embed/v1/place?q=43.8354,-79.089&key=YOUR_API_KEY""></iframe>"
Prince George,61523,British Columbia,318.3,193.3,1915,"Largest city in northern British Columbia. Known as BC's ""Northern Capital"".",53.9171,-122.7497,"https://www.google.com/maps?q=53.9171,-122.7497","<iframe width=""600"" height=""450"" style=""border:0"" loading=""lazy"" allowfullscreen src=""https://www.google.com/maps/embed/v1/place?q=53.9171,-122.7497&key=YOUR_API_KEY""></iframe>"
Quebec City,528595,Quebec,485.8,1088.1,1608,Provincial capital of Quebec. Only fortified city in North America north of Mexico.,46.8139,-71.208,"https://www.google.com/maps?q=46.8139,-71.208","<iframe width=""600"" height=""450"" style=""border:0"" loading=""lazy"" allowfullscreen src=""https://www.google.com/maps/embed/v1/place?q=46.8139,-71.208&key=YOUR_API_KEY""></iframe>"
Quinte West,41000,Ontario,494.0,83.0,1998,"Formed by the amalgamation of Trenton, Sidney, Murray and Frankford. Home to CFB Trenton.",44.1833,-77.5667,"https://www.google.com/maps?q=44.1833,-77.5667","<iframe width=""600"" height=""450"" style=""border:0"" loading=""lazy"" allowfullscreen src=""https://www.google.com/maps/embed/v1/place?q=44.1833,-77.5667&key=YOUR_API_KEY""></iframe>"
Red Deer,82971,Alberta,104.7,792.5,1913,Located midway between Edmonton and Calgary. Named after the river that flows through it.,52.2681,-113.8112,"https://www.google.com/maps?q=52.2681,-113.8112","<iframe width=""600"" height=""450"" style=""border:0"" loading=""lazy"" allowfullscreen src=""https://www.google.com/maps/embed/v1/place?q=52.2681,-113.8112&key=YOUR_API_KEY""></iframe>"
Regina,193100,Saskatchewan,179.0,1078.8,1882,Capital of Saskatchewan. Home to the RCMP training academy.,50.4452,-104.6189,"https://www.google.com/maps?q=50.4452,-104.6189","<iframe width=""600"" height=""450"" style=""border:0"" loading=""lazy"" allowfullscreen src=""https://www.google.com/maps/embed/v1/place?q=50.4452,-104.6189&key=YOUR_API_KEY""></iframe>"
Repentigny,69136,Quebec,61.8,1118.7,1670,Located northeast of Montreal. One of Quebec's oldest European settlements.,45.7333,-73.45,"https://www.google.com/maps?q=45.7333,-73.45","<iframe width=""600"" height=""450"" style=""border:0"" loading=""lazy"" allowfullscreen src=""https://www.google.com/maps/embed/v1/place?q=45.7333,-73.45&key=YOUR_API_KEY""></iframe>"
Richmond,182000,British Columbia,129.3,1407.6,1879,Island city with a large Asian population. Home to Vancouver International Airport.,49.1666,-123.1336,"https://www.google.com/maps?q=49.1666,-123.1336","<iframe width=""600"" height=""450"" style=""border:0"" loading=""lazy"" allowfullscreen src=""https://www.google.com/maps/embed/v1/place?q=49.1666,-123.1336&key=YOUR_API_KEY""></iframe>"
Richmond Hill,162704,Ontario,101.1,1609.3,1873,Known for its cultural diversity and as a technology hub in the Greater Toronto Area.,43.8828,-79.4403,"https://www.google.com/maps?q=43.8828,-79.4403","<iframe width=""600"" height=""450"" style=""border:0"" loading=""lazy"" allowfullscreen src=""https://www.google.com/maps/embed/v1/place?q=43.8828,-79.4403&key=YOUR_API_KEY""></iframe>"
Rimouski,39000,Quebec,529.5,73.7,1829,Maritime city on the south shore of the St. Lawrence River. Important regional center.,48.4488,-68.5236,"https://www.google.com/maps?q=48.4488,-68.5236","<iframe width=""600"" height=""450"" style=""border:0"" loading=""lazy"" allowfullscreen src=""https://www.google.com/maps/embed/v1/place?q=48.4488,-68.5236&key=YOUR_API_KEY""></iframe>"
Rouyn-Noranda,39924,Quebec,6010.9,6.6,1926,Mining and smelting center in western Quebec. Known for its annual music festival.,48.2333,-79.0167,"https://www.google.com/maps?q=48.2333,-79.0167","<iframe width=""600"" height=""450"" style=""border:0"" loading=""lazy"" allowfullscreen src=""https://www.google.com/maps/embed/v1/place?q=48.2333,-79.0167&key=YOUR_API_KEY""></iframe>"
Saanich,103728,British Columbia,103.8,999.3,1906,Largest municipality in Greater Victoria. Name comes from the Saanich First Nation.,48.4845,-123.3799,"https://www.google.com/maps?q=48.4845,-123.3799","<iframe width=""600"" height=""450"" style=""border:0"" loading=""lazy"" allowfullscreen src=""https://www.google.com/maps/embed/v1/place?q=48.4845,-123.3799&key=YOUR_API_KEY""></iframe>"
Saint John,58036,New Brunswick,315.5,184.0,1785,Oldest incorporated city in Canada. Known for the Reversing Falls.,45.2733,-66.0633,"https://www.google.com/maps?q=45.2733,-66.0633","<iframe width=""600"" height=""450"" style=""border:0"" loading=""lazy"" allowfullscreen src=""https://www.google.com/maps/embed/v1/place?q=45.2733,-66.0633&key=YOUR_API_KEY""></iframe>"
Saint-Jean-sur-Richelieu,78967,Quebec,234.2,337.2,1848,Located on the Richelieu River. Home to a major military college.,45.3167,-73.2667,"https://www.google.com/maps?q=45.3167,-73.2667","<iframe width=""600"" height=""450"" style=""border:0"" loading=""lazy"" allowfullscreen src=""https://www.google.com/maps/embed/v1/place?q=45.3167,-73.2667&key=YOUR_API_KEY""></iframe>"
Saint-Jérôme,63729,Quebec,90.5,704.2,1834,Located in the Laurentians region. Former industrial center now focused on tourism.,45.7833,-74.0,"https://www.google.com/maps?q=45.7833,-74.0","<iframe width=""600"" height=""450"" style=""border:0"" loading=""lazy"" allowfullscreen src=""https://www.google.com/maps/embed/v1/place?q=45.7833,-74.0&key=YOUR_API_KEY""></iframe>"
Sarnia,58528,Ontario,164.7,355.4,1857,Located where Lake Huron flows into the St. Clair River. Known for its petrochemical industry.,42.9745,-82.4066,"https://www.google.com/maps?q=42.9745,-82.4066","<iframe width=""600"" height=""450"" style=""border:0"" loading=""lazy"" allowfullscreen src=""https://www.google.com/maps/embed/v1/place?q=42.9745,-82.4066&key=YOUR_API_KEY""></iframe>"
Saskatoon,222189,Saskatchewan,228.1,974.1,1883,"Largest city in Saskatchewan. Known as the ""City of Bridges"".",52.1332,-106.67,"https://www.google.com/maps?q=52.1332,-106.67","<iframe width=""600"" height=""450"" style=""border:0"" loading=""lazy"" allowfullscreen src=""https://www.google.com/maps/embed/v1/place?q=52.1332,-106.67&key=YOUR_API_KEY""></iframe>"
Sault Ste. Marie,61466,Ontario,223.2,275.4,1668,Located on St. Marys River between Lakes Superior and Huron. One of Canada's oldest settlements.,46.5136,-84.3358,"https://www.google.com/maps?q=46.5136,-84.3358","<iframe width=""600"" height=""450"" style=""border:0"" loading=""lazy"" allowfullscreen src=""https://www.google.com/maps/embed/v1/place?q=46.5136,-84.3358&key=YOUR_API_KEY""></iframe>"
Scarborough,600000,Ontario,187.7,3196.1,1796,Former city now part of Toronto. Known for the Scarborough Bluffs and multicultural communities.,43.7764,-79.2318,"https://www.google.com/maps?q=43.7764,-79.2318","<iframe width=""600"" height=""450"" style=""border:0"" loading=""lazy"" allowfullscreen src=""https://www.google.com/maps/embed/v1/place?q=43.7764,-79.2318&key=YOUR_API_KEY""></iframe>"
Sherbrooke,139565,Quebec,366.2,381.1,1802,Cultural and economic center of the Eastern Townships region of Quebec.,45.4,-71.9,"https://www.google.com/maps?q=45.4,-71.9","<iframe width=""600"" height=""450"" style=""border:0"" loading=""lazy"" allowfullscreen src=""https://www.google.com/maps/embed/v1/place?q=45.4,-71.9&key=YOUR_API_KEY""></iframe>"
St. Albert,54340,Alberta,48.5,1120.4,1861,Second-largest city in the Edmonton Metropolitan Region. Consistently ranked among Canada's best places to live.,53.6304,-113.6258,"https://www.google.com/maps?q=53.6304,-113.6258","<iframe width=""600"" height=""450"" style=""border:0"" loading=""lazy"" allowfullscreen src=""https://www.google.com/maps/embed/v1/place?q=53.6304,-113.6258&key=YOUR_API_KEY""></iframe>"
St. Catharines,133113,Ontario,96.1,1385.2,1808,"Largest city in the Niagara Region. Known as ""The Garden City"".",43.1594,-79.2469,"https://www.google.com/maps?q=43.1594,-79.2469","<iframe width=""600"" height=""450"" style=""border:0"" loading=""lazy"" allowfullscreen src=""https://www.google.com/maps/embed/v1/place?q=43.1594,-79.2469&key=YOUR_API_KEY""></iframe>"
St. John's,97695,Newfoundland and Labrador,446.0,219.0,1497,Capital of Newfoundland and Labrador. Oldest city in North America.,47.5615,-52.7126,"https://www.google.com/maps?q=47.5615,-52.7126","<iframe width=""600"" height=""450"" style=""border:0"" loading=""lazy"" allowfullscreen src=""https://www.google.com/maps/embed/v1/place?q=47.5615,-52.7126&key=YOUR_API_KEY""></iframe>"
St. Thomas,35000,Ontario,35.5,985.9,1881,"Known as the ""Railway City"" for its railway heritage. Home to the Jumbo the Elephant monument.",42.7777,-81.1827,"https://www.google.com/maps?q=42.7777,-81.1827","<iframe width=""600"" height=""450"" style=""border:0"" loading=""lazy"" allowfullscreen src=""https://www.google.com/maps/embed/v1/place?q=42.7777,-81.1827&key=YOUR_API_KEY""></iframe>"
Stouffville,37000,Ontario,206.4,179.3,1971,Fast-growing community northeast of Toronto. Blend of urban and rural areas.,43.9667,-79.25,"https://www.google.com/maps?q=43.9667,-79.25","<iframe width=""600"" height=""450"" style=""border:0"" loading=""lazy"" allowfullscreen src=""https://www.google.com/maps/embed/v1/place?q=43.9667,-79.25&key=YOUR_API_KEY""></iframe>"
Strathcona County,82598,Alberta,1182.8,69.8,1893,Specialized municipality that includes the urban service area of Sherwood Park.,53.55,-113.2167,"https://www.google.com/maps?q=53.55,-113.2167","<iframe width=""600"" height=""450"" style=""border:0"" loading=""lazy"" allowfullscreen src=""https://www.google.com/maps/embed/v1/place?q=53.55,-113.2167&key=YOUR_API_KEY""></iframe>"
Surrey,394976,British Columbia,316.4,1248.3,1879,Second-largest city in British Columbia. Known for its parks and rapid growth.,49.1913,-122.849,"https://www.google.com/maps?q=49.1913,-122.849","<iframe width=""600"" height=""450"" style=""border:0"" loading=""lazy"" allowfullscreen src=""https://www.google.com/maps/embed/v1/place?q=49.1913,-122.849&key=YOUR_API_KEY""></iframe>"
Terrebonne,98459,Quebec,154.7,636.5,1673,One of Montreal's largest suburbs. Known for its historic old village.,45.7,-73.6333,"https://www.google.com/maps?q=45.7,-73.6333","<iframe width=""600"" height=""450"" style=""border:0"" loading=""lazy"" allowfullscreen src=""https://www.google.com/maps/embed/v1/place?q=45.7,-73.6333&key=YOUR_API_KEY""></iframe>"
Thunder Bay,94141,Ontario,328.5,286.6,1970,Formed by the merger of Fort William and Port Arthur. Gateway to Northwestern Ontario.,48.3809,-89.2477,"https://www.google.com/maps?q=48.3809,-89.2477","<iframe width=""600"" height=""450"" style=""border:0"" loading=""lazy"" allowfullscreen src=""https://www.google.com/maps/embed/v1/place?q=48.3809,-89.2477&key=YOUR_API_KEY""></iframe>"
Timmins,43165,Ontario,2961.6,14.6,1912,Major mining center in northeastern Ontario. Birthplace of singer Shania Twain.,48.4669,-81.3331,"https://www.google.com/maps?q=48.4669,-81.3331","<iframe width=""600"" height=""450"" style=""border:0"" loading=""lazy"" allowfullscreen src=""https://www.google.com/maps/embed/v1/place?q=48.4669,-81.3331&key=YOUR_API_KEY""></iframe>"
Toronto,2600000,Ontario,630.2,4126.3,1793,Largest city in Canada and provincial capital of Ontario. Home to the CN Tower.,43.6532,-79.3832,"https://www.google.com/maps?q=43.6532,-79.3832","<iframe width=""600"" height=""450"" style=""border:0"" loading=""lazy"" allowfullscreen src=""https://www.google.com/maps/embed/v1/place?q=43.6532,-79.3832&key=YOUR_API_KEY""></iframe>"
Trois-Rivières,114203,Quebec,289.9,393.9,1634,Second-oldest city in Quebec. Located at the confluence of the Saint-Maurice and St. Lawrence Rivers.,46.3432,-72.543,"https://www.google.com/maps?q=46.3432,-72.543","<iframe width=""600"" height=""450"" style=""border:0"" loading=""lazy"" allowfullscreen src=""https://www.google.com/maps/embed/v1/place?q=46.3432,-72.543&key=YOUR_API_KEY""></iframe>"
